,sort_order,time,event_type,event_type2,side,shot_place,shot_outcome,is_goal,location,bodypart,assist_method,situation,fast_break
count,941009.0,941009.0,941009.0,214293.0,941009.0,227459.0,228498.0,941009.0,467067.0,229185.0,941009.0,229137.0,941009.0
mean,53.85882600485224,49.663663153062295,4.326574984936382,12.23376405202223,1.4811696806300472,5.733692665491363,1.9265551558438148,0.02597849754890761,6.209072788272346,1.6248314680280123,0.26433222211477253,1.2813164176889809,0.004875617555198728
std,32.01426814432446,26.48897674218894,2.995313460566948,0.46885043310486485,0.4996455587395643,3.326100143926938,0.7970551777056563,0.15907118564942388,5.421736083535169,0.7404000357067798,0.6555005793413224,0.7093939325720994,0.06965522998787219
min,1.0,0.0,1.0,12.0,1.0,1.0,1.0,0.0,1.0,1.0,0.0,1.0,0.0
25%,27.0,27.0,2.0,12.0,1.0,2.0,1.0,0.0,2.0,1.0,0.0,1.0,0.0
50%,53.0,51.0,3.0,12.0,1.0,5.0,2.0,0.0,3.0,1.0,0.0,1.0,0.0
75%,79.0,73.0,8.0,12.0,2.0,9.0,3.0,0.0,11.0,2.0,0.0,1.0,0.0
max,180.0,100.0,11.0,15.0,2.0,13.0,4.0,1.0,19.0,3.0,4.0,4.0,1.0
